item_id	sample_id	png_sha_match	png_sha256	raw_answer_sha256	check_exit
item_001	wafer_00043234_006	True	907dd20c4ed7f79ae486455223b79f2bff41ca3d06e2e5996337b52840557233	2e5e0e720b4144e68344caf1dd49dfc57528aa068cd35891f4fd38e9bd993333	0
item_002	wafer_00012145_017	True	66752c02b355fec39125c51c43cbfa7f91241c59724ec1a06f85f0c9d4e3453d	c2b7275f9051bf513f50aac9cebe0176448b1403c52897089b24e4897d90b547	0
item_003	wafer_00043109_011	True	522321152ee483fcae6dc02bfb223cf0b84cdd23d48827d5ef4b223d887ac914	fd87f13d20eab01d00d1563a5bb4b748b07b30a47c812105b4ed673cc4212f6a	0
item_004	wafer_00017113_023	True	1a2320a9d4a1bc94c8af532d567eb25d39646b48df66f9c7e8fd46dae8d47f55	650d92639c5e7c9ddc9c0bda1a2bc66378da7b473c19b0500f39a11d9e4e22dd	0
item_005	wafer_00042242_008	True	d9df96ef2a036b5fe868a2d1713e9245abea1febb936c0469c2262e8502300e4	d309a5390fcc82cf725d285273aad6517794701e46fde03c5e054a557f0bd098	0
item_006	wafer_00046498_018	True	eecfdbe3984633c66c699106207170639f90302aaf1af04eb8eeead8395b0e9c	22ff261b9013f0d1511232422a94e7bb942f203b9dbe2a41faacd1910e0deddd	0
item_007	wafer_00045576_015	True	f7f4a9b79380b5c07ab4247fc713854a0840fa36ddcb0f894453e15b8cc93129	ffc8a474dd8e93ca60a0d10a0c8906d5f074fa2bba71fd5d271a2f6877e6b3ca	0
item_008	wafer_00044802_022	True	8a84f657c593ba064358cce86273590e1bf36f0bf3381a1c73201ff222e0e6b0	da94b6c914c283fa420c65f983c40ab1dac99728977ab6f556a5535444d42f6d	0
item_009	wafer_00043676_016	True	0c081928f84f7ac3a79c52bbf869ffe9c7afbed52a7aca91584636a46f892737	8dae8054924242a9a451ec00d06f9ad9dba0f1174b5e1481945cd243d3103819	0
item_010	wafer_00044039_015	True	9ec332e912f1707547d1ae60d3d3bf39e138322dde4b1d448329a24a56028d6d	369ead3215b9ec12ed9c735f019c10fdb7c43835f8877ab0f10a9a6a58a55be0	0
item_011	wafer_00040360_012	True	0c4865df99f01a5858dfbfeba72d4f8871edd3571ec2f5cdc8955bd7f3a28863	dcf651ea4765cabb62396d5cd3fa472e1a56502d6d3dd8b245c39ae341258423	0
item_012	wafer_00037907_010	True	7b4469e16da5e3c1ff95964d59be280ef9fc9c3bece562dac3d00582f38aecd1	5162dd897e1bbfa403f24d317c4044ab7985a0c7493c7e736987364d5aa135da	0
item_013	wafer_00014492_011	True	cdebd1b08f90404a7cbcad32c5a4606a45e139ce3058534390f00fa0f31b0701	8d81dff4ec3bd1b57758a092fc56324220051bfa33a8e9680ad8f1ea2fa08377	0
item_014	wafer_00017158_020	True	cd56abc9d804e8f003280647b4e168c65cd1a616e9182d9423d7c093d2322bb4	634dfc0348a83c497be8008bfc7ce06b08b68a11937ba4036e5d2654be8a2241	0
item_015	wafer_00043975_024	True	f4a80086b29c4125026b69cf233012d748e2c7bb331f74f78ca20a750bf577cf	0ebec7c116a1999ff33c940e97fb3d0df40c37ee77bef15b800be63d16b4cdc5	0
item_016	wafer_00026394_017	True	67426ca68ce9f20cbc29dc569a00e3e2161589040acf8366d895d5a84f500eb4	4be6f0d101470b2c1f442d14d92347fa853d2a742d8a756afcb82b8fbf1cf5b9	0
item_017	wafer_00044805_011	True	6060863eb5ae412c3db9f189ba2cd12b4f4a4fc8895ef73b722b48f810b02657	3ba17110ff721703177942c34570639ef48474f10b5f9b5c3d187a2f90e5130e	0
item_018	wafer_00036981_003	True	ed061e5a734c3c03c38a8a4024dd4873d2852469559662d9e088ce635116f9bf	a7891da1e8da5b23455649e41bd9e18cf5a753588d96a7e1a2b32ce7b67de282	0
